2016/12/27 17:12:35, 21.375
2016/12/27 17:12:41, 21.375
2016/12/27 17:12:46, 21.375
2016/12/27 17:12:52, 21.375
2016/12/27 17:12:58, 21.312
2016/12/27 17:13:11, 21.375
2016/12/27 17:13:19, 21.375
2016/12/27 17:13:25, 21.312
2016/12/27 17:13:32, 21.312
2016/12/27 17:13:39, 21.375
2016/12/27 17:13:45, 21.375
2016/12/27 17:13:51, 21.375
2016/12/27 17:13:57, 21.437
2016/12/27 17:14:2, 21.375
2016/12/27 17:14:8, 21.375
2016/12/27 17:14:14, 21.375
2016/12/27 17:14:51, 21.375
2016/12/27 17:14:57, 21.375
2016/12/27 17:15:3, 21.437
2016/12/27 17:15:15, 21.437
2016/12/27 17:15:21, 21.437
2016/12/27 17:15:27, 21.5
2016/12/27 17:15:33, 21.5
2016/12/27 17:15:39, 21.437
2016/12/27 17:15:45, 21.437
2016/12/27 17:15:50, 21.437
2016/12/27 17:15:56, 21.437
2016/12/27 17:16:2, 21.437
2016/12/27 17:16:8, 21.375
2016/12/27 17:16:14, 21.375
2016/12/27 17:16:20, 21.375
2016/12/27 17:16:26, 21.375
2016/12/27 17:16:32, 21.312
2016/12/27 17:16:38, 21.312
2016/12/27 17:16:43, 21.312
2016/12/27 17:16:49, 21.375
2016/12/27 17:16:55, 21.375
2016/12/27 17:17:1, 21.437
2016/12/27 17:17:7, 21.437
2016/12/27 17:17:13, 21.437
2016/12/27 17:17:19, 21.437
2016/12/27 17:17:25, 21.437
2016/12/27 17:17:30, 21.375
2016/12/27 17:17:36, 21.5
2016/12/27 17:17:42, 21.5
2016/12/27 17:17:48, 21.5
2016/12/27 17:17:54, 21.437
2016/12/27 17:18:38, 21.625
2016/12/27 17:18:46, 21.687
2016/12/27 17:18:52, 25.875
2016/12/27 17:23:46, 21.562
2016/12/27 17:23:52, 21.5
2016/12/27 17:23:58, 21.5
2016/12/27 17:24:4, 21.5
2016/12/27 17:24:11, 21.5
2016/12/27 17:24:16, 21.5
2016/12/27 17:24:22, 21.5
2016/12/27 17:24:28, 21.5
2016/12/27 17:24:34, 21.5
2016/12/27 17:24:40, 21.5
2016/12/27 17:24:46, 21.5
2016/12/27 17:24:52, 21.5
2016/12/27 17:24:58, 21.5
2016/12/27 17:25:3, 21.5
2016/12/27 17:25:9, 21.5
2016/12/27 17:25:15, 21.437
2016/12/27 17:25:21, 21.5
2016/12/27 17:25:27, 21.5
2016/12/27 17:25:33, 21.5
2016/12/27 17:25:39, 21.437
2016/12/27 17:25:45, 21.5
2016/12/27 17:26:22, 21.437
2016/12/27 17:26:28, 21.5
2016/12/27 17:26:33, 21.5
2016/12/27 17:26:39, 21.5
2016/12/27 17:26:45, 21.5
2016/12/27 17:26:51, 21.5
2016/12/27 17:26:57, 21.5
2016/12/27 17:27:3, 21.5
2016/12/27 17:27:9, 21.562
2016/12/27 17:27:45, 21.375
2016/12/27 17:27:51, 21.437
2016/12/27 17:27:57, 21.437
2016/12/27 17:28:3, 21.437
2016/12/27 17:28:9, 21.437
2016/12/27 17:28:14, 27.25
2016/12/27 17:28:20, 28.812
2016/12/27 17:28:26, 29.125
2016/12/27 17:28:32, 27.437
2016/12/27 17:28:38, 25.875
2016/12/27 17:28:44, 24.812
2016/12/27 17:28:50, 26.437
2016/12/27 17:28:56, 28.687
2016/12/27 17:29:1, 29
2016/12/27 17:29:7, 27.5
2016/12/27 17:29:13, 26.062
2016/12/27 17:29:19, 25.125
2016/12/27 17:29:25, 24.5
2016/12/27 17:29:31, 24
2016/12/27 17:29:37, 23.625
2016/12/27 17:29:43, 23.312
2016/12/27 17:29:48, 23.125
2016/12/27 17:29:54, 22.937
2016/12/27 17:30:0, 22.75
2016/12/27 17:30:6, 22.687
2016/12/27 17:30:12, 22.625
2016/12/27 17:30:18, 22.5
2016/12/27 17:30:24, 22.437
2016/12/27 17:30:30, 22.312
2016/12/27 17:30:35, 22.25
2016/12/27 17:30:41, 22.187
2016/12/27 17:30:47, 22.25
2016/12/27 17:30:53, 22.125
2016/12/27 17:30:59, 22.125
2016/12/27 17:31:5, 22.125
2016/12/27 17:31:11, 22.062
2016/12/27 17:31:17, 22.062
2016/12/27 17:31:22, 22
2016/12/27 17:31:28, 22
2016/12/27 17:31:34, 21.937
2016/12/27 17:31:40, 21.937
2016/12/27 17:31:46, 21.875
2016/12/27 17:31:52, 21.875
2016/12/27 17:31:58, 21.875
2016/12/27 17:32:4, 21.875
2016/12/27 17:32:9, 21.812
2016/12/27 17:32:15, 21.812
2016/12/27 17:32:21, 21.812
2016/12/27 17:32:27, 21.75
2016/12/27 17:32:33, 21.75
2016/12/27 17:32:39, 21.75
2016/12/27 17:32:45, 21.75
2016/12/27 17:32:51, 21.75
2016/12/27 17:32:58, 21.75
2016/12/27 17:33:3, 21.75
2016/12/27 17:33:9, 21.75
2016/12/27 17:33:15, 21.687
2016/12/27 17:33:21, 21.687
2016/12/27 17:33:27, 21.687
2016/12/27 17:33:33, 21.687
2016/12/27 17:33:39, 21.687
2016/12/27 17:33:45, 21.687
2016/12/27 17:33:50, 21.625
2016/12/27 17:33:56, 21.625
2016/12/27 17:34:2, 21.625
2016/12/27 17:34:8, 21.625
2016/12/27 17:34:14, 21.625
2016/12/27 17:34:20, 21.625
2016/12/27 17:34:26, 21.687
2016/12/27 17:34:32, 21.687
2016/12/27 17:34:37, 21.687
2016/12/27 17:34:43, 21.625
2016/12/27 17:34:49, 21.625
2016/12/27 17:34:55, 21.625
2016/12/27 17:35:1, 21.625
2016/12/27 17:35:7, 21.562
2016/12/27 17:35:13, 21.625
2016/12/27 17:35:19, 21.562
2016/12/27 17:35:25, 21.562
2016/12/27 17:35:30, 21.625
2016/12/27 17:35:36, 21.625
2016/12/27 17:36:11, 21.562
2016/12/27 17:36:17, 21.625
2016/12/27 17:36:23, 21.625
2016/12/27 17:36:29, 21.625
2016/12/27 17:36:35, 21.625
2016/12/27 17:36:41, 21.625
2016/12/27 17:36:47, 21.687
2016/12/27 17:36:53, 21.625
2016/12/27 17:36:58, 25.687
2016/12/27 17:37:4, 27.187
2016/12/27 17:37:10, 27.562
2016/12/27 17:37:16, 27.75
2016/12/27 17:37:22, 27.812
2016/12/27 17:37:28, 27.312
2016/12/27 17:37:34, 25.875
2016/12/27 17:37:40, 24.875
2016/12/27 17:37:46, 24.187
2016/12/27 17:37:51, 23.75
2016/12/27 17:37:57, 23.375
2016/12/27 17:38:3, 23.125
2016/12/27 17:38:9, 22.937
2016/12/27 17:38:15, 22.812
2016/12/27 17:38:51, 27
2016/12/27 17:38:57, 26.875
2016/12/27 17:39:3, 26.937
2016/12/27 17:39:9, 26.312
2016/12/27 17:39:14, 25.125
2016/12/27 17:39:20, 24.375
2016/12/27 17:39:26, 23.875
2016/12/27 17:39:32, 23.625
2016/12/27 17:39:38, 23.375
2016/12/27 17:39:44, 23.25
2016/12/27 17:39:50, 23
2016/12/27 17:39:56, 22.875
2016/12/27 17:40:1, 22.812
2016/12/27 17:40:7, 22.75
2016/12/27 17:40:13, 22.687
2016/12/27 17:40:19, 22.562
2016/12/27 17:40:25, 22.562
2016/12/27 17:40:31, 22.562
2016/12/27 17:40:37, 22.562
2016/12/27 17:40:43, 22.5
2016/12/27 17:40:48, 22.437
2016/12/27 17:40:54, 22.375
2016/12/27 17:41:0, 22.375
2016/12/27 17:41:6, 22.312
2016/12/27 17:41:12, 22.312
2016/12/27 17:41:18, 22.312
2016/12/27 17:41:24, 22.312
2016/12/27 17:41:30, 22.25
2016/12/27 17:41:36, 22.25
2016/12/27 17:41:41, 22.25
2016/12/27 17:43:11, 22.062
2016/12/27 17:43:17, 22
2016/12/27 17:43:23, 22
2016/12/27 17:43:29, 22
2016/12/27 17:43:35, 22
2016/12/27 17:43:40, 22
2016/12/27 17:43:46, 22
2016/12/27 17:43:52, 22
2016/12/27 17:43:58, 22
2016/12/27 17:44:4, 22
2016/12/27 17:44:10, 22
2016/12/27 17:44:16, 21.937
2016/12/27 17:44:22, 21.937
2016/12/27 17:44:27, 21.937
2016/12/27 17:44:33, 21.875
2016/12/27 17:44:39, 21.937
2016/12/27 17:44:45, 21.937
2016/12/27 17:44:51, 21.937
2016/12/27 17:44:57, 21.937
2016/12/27 17:45:3, 21.937
2016/12/27 17:45:9, 21.937
2016/12/27 17:45:15, 21.937
2016/12/27 17:45:20, 21.937
2016/12/27 17:45:26, 21.937
2016/12/27 17:45:32, 21.875
2016/12/27 17:45:38, 21.875
2016/12/27 17:45:44, 21.937
2016/12/27 17:45:50, 21.937
2016/12/27 17:45:56, 21.937
2016/12/27 17:46:2, 21.875
2016/12/27 17:46:8, 21.937
2016/12/27 17:46:13, 21.937
2016/12/27 17:46:19, 21.875
2016/12/27 17:46:25, 21.875
2016/12/27 17:46:31, 21.937
2016/12/27 17:46:37, 21.875
2016/12/27 17:46:43, 21.937
2016/12/27 17:46:49, 21.937
2016/12/27 17:46:55, 21.937
2016/12/27 17:47:0, 21.937
2016/12/27 17:47:6, 21.875
2016/12/27 17:47:12, 21.937
2016/12/27 17:47:18, 21.937
2016/12/27 17:47:24, 21.937
2016/12/27 17:47:30, 21.875
2016/12/27 17:47:36, 21.937
2016/12/27 17:47:42, 21.875
2016/12/27 17:47:47, 21.937
2016/12/27 17:47:53, 21.875
2016/12/27 17:47:59, 21.875
2016/12/27 17:48:5, 21.937
2016/12/27 17:48:11, 21.937
2016/12/27 17:48:17, 21.937
2016/12/27 17:48:23, 21.937
2016/12/27 17:48:28, 21.875
2016/12/27 17:48:34, 21.875
2016/12/27 17:48:40, 21.937
2016/12/27 17:48:46, 21.875
2016/12/27 17:48:52, 21.875
2016/12/27 17:48:58, 21.937
2016/12/27 17:49:4, 21.875
2016/12/27 17:49:10, 21.875
2016/12/27 17:49:15, 21.875
2016/12/27 17:49:21, 21.875
2016/12/27 17:49:27, 21.875
2016/12/27 17:49:33, 21.875
2016/12/27 17:49:39, 21.937
2016/12/27 17:49:45, 21.875
2016/12/27 17:49:51, 21.937
2016/12/27 17:49:57, 21.937
2016/12/27 17:50:2, 21.937
2016/12/27 17:50:8, 21.875
2016/12/27 17:50:14, 21.875
2016/12/27 17:50:20, 21.875
2016/12/27 17:50:26, 21.875
2016/12/27 17:50:32, 21.875
2016/12/27 17:50:38, 21.875
2016/12/27 17:50:43, 21.875
2016/12/27 17:50:49, 21.875
2016/12/27 17:50:55, 21.875
2016/12/27 17:51:1, 21.937
2016/12/27 17:51:7, 21.937
2016/12/27 17:51:13, 21.937
2016/12/27 17:51:19, 21.937
2016/12/27 17:51:25, 21.937
2016/12/27 17:51:30, 21.875
2016/12/27 17:51:36, 21.875
2016/12/27 17:51:42, 21.875
2016/12/27 17:51:48, 21.875
2016/12/27 17:51:54, 21.875
2016/12/27 17:52:0, 21.937
2016/12/27 17:52:6, 21.937
2016/12/27 17:52:12, 21.875
2016/12/27 17:52:17, 21.937
2016/12/27 17:52:23, 21.937
2016/12/27 17:52:29, 21.875
2016/12/27 17:52:35, 21.937
2016/12/27 17:52:41, 21.875
2016/12/27 17:52:47, 21.937
2016/12/27 17:52:53, 21.937
2016/12/27 17:52:58, 21.937
2016/12/27 17:53:4, 21.937
2016/12/27 17:53:10, 21.937
2016/12/27 17:53:16, 21.937
2016/12/27 17:53:22, 21.937
2016/12/27 17:53:28, 21.937
2016/12/27 17:53:34, 21.937
2016/12/27 17:53:40, 21.937
2016/12/27 17:53:45, 21.937
2016/12/27 17:53:51, 21.937
2016/12/27 17:53:57, 21.937
2016/12/27 17:54:3, 21.937
2016/12/27 17:54:9, 21.875
2016/12/27 17:54:15, 21.937
2016/12/27 17:54:21, 21.875
2016/12/27 17:54:27, 21.937
2016/12/27 17:54:32, 21.937
2016/12/27 17:54:38, 21.937
2016/12/27 17:54:44, 21.937
2016/12/27 17:54:50, 21.875
2016/12/27 17:54:56, 21.937
2016/12/27 17:55:2, 21.875
2016/12/27 17:55:8, 21.937
2016/12/27 17:55:14, 21.875
2016/12/27 17:55:19, 21.937
2016/12/27 17:55:25, 21.875
2016/12/27 17:55:31, 21.875
2016/12/27 17:55:37, 21.875
2016/12/27 17:55:43, 21.875
2016/12/27 17:55:49, 21.937
2016/12/27 17:55:55, 21.875
2016/12/27 17:56:1, 21.937
2016/12/27 17:56:6, 21.937
2016/12/27 17:56:12, 21.875
2016/12/27 17:56:18, 21.875
2016/12/27 17:56:24, 21.875
2016/12/27 17:56:30, 21.875
2016/12/27 17:56:36, 21.875
2016/12/27 17:56:42, 21.875
2016/12/27 17:56:48, 21.875
2016/12/27 17:56:53, 21.875
2016/12/27 17:56:59, 21.875
2016/12/27 17:57:5, 21.937
2016/12/27 17:57:11, 21.875
2016/12/27 17:57:17, 21.937
2016/12/27 17:57:23, 21.875
2016/12/27 17:57:29, 21.875
2016/12/27 17:57:35, 21.875
2016/12/27 17:57:41, 21.875
2016/12/27 17:57:46, 21.875
2016/12/27 17:57:52, 21.875
2016/12/27 17:57:58, 21.937
2016/12/27 17:58:4, 21.875
2016/12/27 17:58:10, 21.875
2016/12/27 17:58:16, 21.875
2016/12/27 17:58:22, 21.875
2016/12/27 17:58:28, 21.875
2016/12/27 17:58:33, 21.875
2016/12/27 17:58:39, 21.875
2016/12/27 17:58:45, 21.875
2016/12/27 17:58:51, 21.875
2016/12/27 17:58:57, 21.875
2016/12/27 17:59:3, 21.875
2016/12/27 17:59:9, 21.875
2016/12/27 17:59:15, 21.875
2016/12/27 17:59:20, 21.875
2016/12/27 17:59:26, 21.875
2016/12/27 17:59:32, 21.875
2016/12/27 17:59:38, 21.875
2016/12/27 17:59:44, 21.875
2016/12/27 17:59:50, 21.875
2016/12/27 17:59:56, 21.875
2016/12/27 18:00:1, 21.875
2016/12/27 18:00:7, 21.875
2016/12/27 18:00:13, 21.875
2016/12/27 18:00:19, 21.875
2016/12/27 18:00:25, 21.875
2016/12/27 18:00:31, 21.937
2016/12/27 18:00:37, 21.875
2016/12/27 18:00:43, 21.875
2016/12/27 18:00:49, 21.875
2016/12/27 18:00:54, 21.875
2016/12/27 18:01:0, 21.875
2016/12/27 18:01:6, 21.875
2016/12/27 18:01:12, 21.875
2016/12/27 18:01:18, 21.875
2016/12/27 18:01:24, 21.875
2016/12/27 18:01:30, 21.875
2016/12/27 18:01:35, 21.875
2016/12/27 18:01:41, 21.875
2016/12/27 18:01:47, 21.875
2016/12/27 18:01:53, 21.812
2016/12/27 18:01:59, 21.875
2016/12/27 18:02:5, 21.875
2016/12/27 18:02:11, 21.875
2016/12/27 18:02:17, 21.875
2016/12/27 18:02:23, 21.875
2016/12/27 18:02:28, 21.875
2016/12/27 18:02:34, 21.875
2016/12/27 18:02:40, 21.812
2016/12/27 18:02:46, 21.875
2016/12/27 18:02:52, 21.875
2016/12/27 18:02:58, 21.875
2016/12/27 18:03:4, 21.875
2016/12/27 18:03:10, 21.875
2016/12/27 18:03:15, 21.875
2016/12/27 18:03:21, 21.875
2016/12/27 18:03:27, 21.875
2016/12/27 18:03:33, 21.875
2016/12/27 18:03:39, 21.875
2016/12/27 18:03:45, 21.875
2016/12/27 18:03:51, 21.875
2016/12/27 18:03:57, 21.875
2016/12/27 18:04:2, 21.875
2016/12/27 18:04:8, 21.875
2016/12/27 18:04:14, 21.875
2016/12/27 18:04:20, 21.875
2016/12/27 18:04:26, 21.875
2016/12/27 18:04:32, 21.875
2016/12/27 18:04:38, 21.875
2016/12/27 18:04:44, 21.812
2016/12/27 18:04:49, 21.812
2016/12/27 18:04:55, 21.875
2016/12/27 18:05:1, 21.875
2016/12/27 18:05:7, 21.875
2016/12/27 18:05:13, 21.875
2016/12/27 18:05:19, 21.875
2016/12/27 18:05:25, 21.812
2016/12/27 18:05:31, 21.812
2016/12/27 18:05:36, 21.875
2016/12/27 18:05:42, 21.875
2016/12/27 18:05:49, 21.875
2016/12/27 18:05:55, 21.875
2016/12/27 18:06:1, 21.875
2016/12/27 18:06:7, 21.875
2016/12/27 18:06:12, 21.875
2016/12/27 18:06:18, 21.812
2016/12/27 18:06:24, 21.875
2016/12/27 18:06:30, 21.812
2016/12/27 18:06:36, 21.875
2016/12/27 18:06:42, 21.812
2016/12/27 18:06:48, 21.812
2016/12/27 18:06:54, 21.875
2016/12/27 18:06:59, 21.875
2016/12/27 18:07:6, 21.875
2016/12/27 18:07:12, 21.875
2016/12/27 18:07:18, 21.875
2016/12/27 18:07:24, 21.875
2016/12/27 18:07:30, 21.812
2016/12/27 18:07:36, 21.875
2016/12/27 18:07:41, 21.875
2016/12/27 18:07:47, 21.875
2016/12/27 18:07:53, 21.875
2016/12/27 18:07:59, 21.875
2016/12/27 18:08:5, 21.875
2016/12/27 18:08:11, 21.875
2016/12/27 18:08:17, 21.875
2016/12/27 18:08:22, 21.875
2016/12/27 18:08:28, 21.812
2016/12/27 18:08:34, 21.812
2016/12/27 18:08:40, 21.812
2016/12/27 18:08:46, 21.812
2016/12/27 18:08:52, 21.875
2016/12/27 18:08:58, 21.875
2016/12/27 18:09:4, 21.875
2016/12/27 18:09:10, 21.875
2016/12/27 18:09:15, 21.875
2016/12/27 18:09:21, 21.875
2016/12/27 18:09:27, 21.875
2016/12/27 18:09:33, 21.875
2016/12/27 18:09:39, 21.875
2016/12/27 18:09:45, 21.875
2016/12/27 18:09:51, 21.875
2016/12/27 18:09:57, 21.812
2016/12/27 18:10:2, 21.875
2016/12/27 18:10:8, 21.812
2016/12/27 18:10:14, 21.812
2016/12/27 18:10:20, 21.812
2016/12/27 18:10:26, 21.875
2016/12/27 18:10:32, 21.875
2016/12/27 18:10:38, 21.812
2016/12/27 18:10:43, 21.812
2016/12/27 18:10:49, 21.875
2016/12/27 18:10:55, 21.812
2016/12/27 18:11:1, 21.812
2016/12/27 18:11:7, 21.812
2016/12/27 18:11:13, 21.875
2016/12/27 18:11:19, 21.875
2016/12/27 18:11:25, 21.812
2016/12/27 18:11:31, 21.812
2016/12/27 18:11:36, 21.812
2016/12/27 18:11:42, 21.812
2016/12/27 18:11:48, 21.812
2016/12/27 18:11:54, 21.812
2016/12/27 18:12:0, 21.812
2016/12/27 18:12:6, 21.875
2016/12/27 18:12:12, 21.812
2016/12/27 18:12:18, 21.875
2016/12/27 18:12:23, 21.812
2016/12/27 18:12:29, 21.812
2016/12/27 18:12:35, 21.812
2016/12/27 18:12:41, 21.812
2016/12/27 18:12:47, 21.812
2016/12/27 18:12:53, 21.812
2016/12/27 18:12:59, 21.812
2016/12/27 18:13:5, 21.812
2016/12/27 18:13:10, 21.812
2016/12/27 18:13:16, 21.812
2016/12/27 18:13:22, 21.812
2016/12/27 18:13:28, 21.812
2016/12/27 18:13:34, 21.812
2016/12/27 18:13:40, 21.812
2016/12/27 18:13:46, 21.812
2016/12/27 18:13:52, 21.812
2016/12/27 18:13:57, 21.875
2016/12/27 18:14:3, 21.812
2016/12/27 18:14:9, 21.812
2016/12/27 18:14:15, 21.812
2016/12/27 18:14:21, 21.812
2016/12/27 18:14:27, 21.812
2016/12/27 18:14:33, 21.812
2016/12/27 18:14:39, 21.812
2016/12/27 18:14:44, 21.812
2016/12/27 18:14:50, 21.812
2016/12/27 18:14:56, 21.812
2016/12/27 18:15:2, 21.812
2016/12/27 18:15:8, 21.812
2016/12/27 18:15:14, 21.812
2016/12/27 18:15:20, 21.812
2016/12/27 18:15:26, 21.812
2016/12/27 18:15:32, 21.812
2016/12/27 18:15:37, 21.812
2016/12/27 18:15:43, 21.812
2016/12/27 18:15:49, 21.812
2016/12/27 18:15:55, 21.812
2016/12/27 18:16:1, 21.812
2016/12/27 18:16:7, 21.812
2016/12/27 18:16:13, 21.812
2016/12/27 18:16:19, 21.812
2016/12/27 18:16:24, 21.812
2016/12/27 18:16:30, 21.812
2016/12/27 18:16:36, 21.812
2016/12/27 18:16:42, 21.812
2016/12/27 18:16:48, 21.812
2016/12/27 18:16:54, 21.812
2016/12/27 18:17:0, 21.812
2016/12/27 18:17:6, 21.812
2016/12/27 18:17:11, 21.812
2016/12/27 18:17:17, 21.812
2016/12/27 18:17:23, 21.812
2016/12/27 18:17:29, 21.812
2016/12/27 18:17:35, 21.812
2016/12/27 18:17:41, 21.812
2016/12/27 18:17:47, 21.812
2016/12/27 18:17:53, 21.812
2016/12/27 18:17:59, 21.812
2016/12/27 18:18:5, 21.812
2016/12/27 18:18:11, 21.812
2016/12/27 18:18:16, 21.812
2016/12/27 18:18:22, 21.812
2016/12/27 18:18:28, 21.812
2016/12/27 18:18:34, 21.812
2016/12/27 18:18:40, 21.812
2016/12/27 18:18:46, 21.812
2016/12/27 18:18:52, 21.812
2016/12/27 18:18:58, 21.812
2016/12/27 18:19:3, 21.812
2016/12/27 18:19:9, 21.812
2016/12/27 18:19:15, 21.812
2016/12/27 18:19:21, 21.812
2016/12/27 18:19:27, 21.812
2016/12/27 18:19:33, 21.812
2016/12/27 18:19:39, 21.812
2016/12/27 18:19:45, 21.812
2016/12/27 18:19:50, 21.812
2016/12/27 18:19:56, 21.812
2016/12/27 18:20:2, 21.812
2016/12/27 18:20:8, 21.812
2016/12/27 18:20:14, 21.812
2016/12/27 18:20:20, 21.812
2016/12/27 18:20:26, 21.812
2016/12/27 18:20:32, 21.812
2016/12/27 18:20:37, 21.812
2016/12/27 18:20:43, 21.812
2016/12/27 18:20:49, 21.812
2016/12/27 18:20:55, 21.812
2016/12/27 18:21:1, 21.812
2016/12/27 18:21:7, 21.812
2016/12/27 18:21:13, 21.812
2016/12/27 18:21:19, 21.812
2016/12/27 18:21:24, 21.812
2016/12/27 18:21:30, 21.812
2016/12/27 18:21:36, 21.812
2016/12/27 18:21:42, 21.812
2016/12/27 18:21:48, 21.812
2016/12/27 18:21:54, 21.812
2016/12/27 18:22:0, 21.812
2016/12/27 18:22:6, 21.812
2016/12/27 18:22:11, 21.812
2016/12/27 18:22:17, 21.812
2016/12/27 18:22:23, 21.812
2016/12/27 18:22:29, 21.812
2016/12/27 18:22:35, 21.812
2016/12/27 18:22:41, 21.812
2016/12/27 18:22:47, 21.812
2016/12/27 18:22:53, 21.812
2016/12/27 18:22:59, 21.812
2016/12/27 18:23:4, 21.812
2016/12/27 18:23:10, 21.812
2016/12/27 18:23:16, 21.812
2016/12/27 18:23:22, 21.812
2016/12/27 18:23:28, 21.812
2016/12/27 18:23:34, 21.812
2016/12/27 18:23:40, 21.812
2016/12/27 18:23:46, 21.812
2016/12/27 18:23:52, 21.812
2016/12/27 18:23:58, 21.812
2016/12/27 18:24:3, 21.812
2016/12/27 18:24:9, 21.812
2016/12/27 18:24:15, 21.812
2016/12/27 18:24:21, 21.812
2016/12/27 18:24:27, 21.812
2016/12/27 18:24:33, 21.812
2016/12/27 18:24:39, 21.812
2016/12/27 18:24:45, 21.812
2016/12/27 18:24:51, 21.812
2016/12/27 18:24:57, 21.812
2016/12/27 18:25:3, 21.812
2016/12/27 18:25:9, 21.812
2016/12/27 18:25:14, 21.812
2016/12/27 18:25:20, 21.812
2016/12/27 18:25:26, 21.812
2016/12/27 18:25:32, 21.812
2016/12/27 18:25:38, 21.812
2016/12/27 18:25:44, 21.812
2016/12/27 18:25:50, 21.812
2016/12/27 18:25:56, 21.812
2016/12/27 18:26:2, 21.812
2016/12/27 18:26:8, 21.812
2016/12/27 18:26:14, 21.812
2016/12/27 18:26:20, 21.812
2016/12/27 18:26:26, 21.812
2016/12/27 18:26:31, 21.812
2016/12/27 18:26:37, 21.812
2016/12/27 18:26:43, 21.812
2016/12/27 18:26:49, 21.812
2016/12/27 18:26:55, 21.812
2016/12/27 18:27:1, 21.812
2016/12/27 18:27:7, 21.812
2016/12/27 18:27:13, 21.812
2016/12/27 18:27:18, 21.812
2016/12/27 18:27:24, 21.812
2016/12/27 18:27:30, 21.75
2016/12/27 18:27:36, 21.812
2016/12/27 18:27:42, 21.812
2016/12/27 18:27:48, 21.812
2016/12/27 18:27:54, 21.812
2016/12/27 18:28:0, 21.812
2016/12/27 18:28:6, 21.812
2016/12/27 18:28:11, 21.812
2016/12/27 18:28:17, 21.812
2016/12/27 18:28:23, 21.812
2016/12/27 18:28:29, 21.812
2016/12/27 18:28:35, 21.812
2016/12/27 18:28:41, 21.75
2016/12/27 18:28:47, 21.75
2016/12/27 18:28:53, 21.75
2016/12/27 18:28:58, 21.812
2016/12/27 18:29:4, 21.75
2016/12/27 18:29:10, 21.75
2016/12/27 18:29:16, 21.812
2016/12/27 18:29:22, 21.812
2016/12/27 18:29:28, 21.812
2016/12/27 18:29:34, 21.812
2016/12/27 18:29:40, 21.812
2016/12/27 18:29:46, 21.812
2016/12/27 18:29:51, 21.812
2016/12/27 18:29:57, 21.812
2016/12/27 18:30:3, 21.75
2016/12/27 18:30:9, 21.812
2016/12/27 18:30:15, 21.75
2016/12/27 18:30:21, 21.812
2016/12/27 18:30:27, 21.75
2016/12/27 18:30:33, 21.75
2016/12/27 18:30:39, 21.812
2016/12/27 18:30:45, 21.812
2016/12/27 18:30:50, 21.75
2016/12/27 18:30:56, 21.75
2016/12/27 18:31:2, 21.75
2016/12/27 18:31:8, 21.812
2016/12/27 18:31:14, 21.812
2016/12/27 18:31:20, 21.75
2016/12/27 18:31:26, 21.75
2016/12/27 18:31:32, 21.75
2016/12/27 18:31:37, 21.812
2016/12/27 18:31:43, 21.812
2016/12/27 18:31:49, 21.812
2016/12/27 18:31:55, 21.75
2016/12/27 18:32:1, 21.812
2016/12/27 18:32:7, 21.812
2016/12/27 18:32:13, 21.812
2016/12/27 18:32:19, 21.812
2016/12/27 18:32:24, 21.812
2016/12/27 18:32:30, 21.812
2016/12/27 18:32:36, 21.75
2016/12/27 18:32:42, 21.812
2016/12/27 18:32:48, 21.75
2016/12/27 18:32:54, 21.812
2016/12/27 18:33:0, 21.812
2016/12/27 18:33:6, 21.812
2016/12/27 18:33:11, 21.812
2016/12/27 18:33:17, 21.812
2016/12/27 18:33:23, 21.812
2016/12/27 18:33:29, 21.75
2016/12/27 18:33:35, 21.75
2016/12/27 18:33:41, 21.75
2016/12/27 18:33:47, 21.812
2016/12/27 18:33:53, 21.75
2016/12/27 18:33:58, 21.75
2016/12/27 18:34:4, 21.75
2016/12/27 18:34:10, 21.75
2016/12/27 18:34:16, 21.75
2016/12/27 18:34:22, 21.75
2016/12/27 18:34:28, 21.75
2016/12/27 18:34:34, 21.812
2016/12/27 18:34:40, 21.812
2016/12/27 18:34:46, 21.75
2016/12/27 18:34:51, 21.75
2016/12/27 18:34:57, 21.75
2016/12/27 18:35:3, 21.75
2016/12/27 18:35:9, 21.75
2016/12/27 18:35:15, 21.75
2016/12/27 18:35:21, 21.812
2016/12/27 18:35:27, 21.75
2016/12/27 18:35:33, 21.75
2016/12/27 18:35:39, 21.75
2016/12/27 18:35:44, 21.75
2016/12/27 18:35:50, 21.75
2016/12/27 18:35:56, 21.75
2016/12/27 18:36:2, 21.75
2016/12/27 18:36:8, 21.75
2016/12/27 18:36:14, 21.75
2016/12/27 18:36:20, 21.75
2016/12/27 18:36:26, 21.75
2016/12/27 18:36:32, 21.75
2016/12/27 18:36:37, 21.75
2016/12/27 18:36:43, 21.75
2016/12/27 18:36:49, 21.812
2016/12/27 18:36:55, 21.812
2016/12/27 18:37:1, 21.75
2016/12/27 18:37:7, 21.75
2016/12/27 18:37:13, 21.75
2016/12/27 18:37:19, 21.75
2016/12/27 18:37:25, 21.75
2016/12/27 18:37:30, 21.75
2016/12/27 18:37:36, 21.75
2016/12/27 18:37:42, 21.75
2016/12/27 18:37:48, 21.75
2016/12/27 18:37:54, 21.75
2016/12/27 18:38:0, 21.75
2016/12/27 18:38:6, 21.75
2016/12/27 18:38:12, 21.75
2016/12/27 18:38:18, 21.812
2016/12/27 18:38:24, 21.812
2016/12/27 18:38:30, 21.812
2016/12/27 18:38:36, 21.812
2016/12/27 18:38:42, 21.812
2016/12/27 18:38:48, 21.75
2016/12/27 18:38:54, 21.812
2016/12/27 18:39:0, 21.812
2016/12/27 18:39:6, 21.75
2016/12/27 18:39:11, 21.75
2016/12/27 18:39:17, 21.75
2016/12/27 18:39:23, 21.75
2016/12/27 18:39:29, 21.812
2016/12/27 18:39:35, 21.75
2016/12/27 18:39:41, 21.812
2016/12/27 18:39:47, 21.75
2016/12/27 18:39:53, 21.75
2016/12/27 18:39:59, 21.812
2016/12/27 18:40:5, 21.75
2016/12/27 18:40:10, 21.812
2016/12/27 18:40:16, 21.75
2016/12/27 18:40:22, 21.75
2016/12/27 18:40:28, 21.75
2016/12/27 18:40:34, 21.75
2016/12/27 18:40:40, 21.75
2016/12/27 18:40:46, 21.75
2016/12/27 18:40:52, 21.75
2016/12/27 18:40:58, 21.75
2016/12/27 18:41:3, 21.75
2016/12/27 18:41:9, 21.812
2016/12/27 18:41:15, 21.75
2016/12/27 18:41:22, 21.812
2016/12/27 18:41:28, 21.75
2016/12/27 18:41:34, 21.75
2016/12/27 18:41:40, 21.75
2016/12/27 18:41:46, 21.75
2016/12/27 18:41:51, 21.75
2016/12/27 18:41:57, 21.75
2016/12/27 18:42:3, 21.75
2016/12/27 18:42:9, 21.75
2016/12/27 18:42:15, 21.75
2016/12/27 18:42:21, 21.75
2016/12/27 18:42:27, 21.75
2016/12/27 18:42:33, 21.812
2016/12/27 18:42:38, 21.812
2016/12/27 18:42:44, 21.75
2016/12/27 18:42:50, 21.812
2016/12/27 18:42:56, 21.75
2016/12/27 18:43:2, 21.75
2016/12/27 18:43:8, 21.812
2016/12/27 18:43:14, 21.75
2016/12/27 18:43:20, 21.812
2016/12/27 18:43:25, 21.812
2016/12/27 18:43:31, 21.812
2016/12/27 18:43:37, 21.812
2016/12/27 18:43:43, 21.75
2016/12/27 18:43:49, 21.75
2016/12/27 18:43:55, 21.75
2016/12/27 18:44:1, 21.75
2016/12/27 18:44:7, 21.812
2016/12/27 18:44:13, 21.75
2016/12/27 18:44:18, 21.75
2016/12/27 18:44:24, 21.75
2016/12/27 18:44:30, 21.812
2016/12/27 18:44:36, 21.812
2016/12/27 18:44:42, 21.812
2016/12/27 18:44:48, 21.812
2016/12/27 18:44:54, 21.812
2016/12/27 18:45:0, 21.812
2016/12/27 18:45:5, 21.812
2016/12/27 18:45:11, 21.75
2016/12/27 18:45:17, 21.812
2016/12/27 18:45:23, 21.75
2016/12/27 18:45:29, 21.75
2016/12/27 18:45:35, 21.75
2016/12/27 18:45:41, 21.812
2016/12/27 18:45:47, 21.75
2016/12/27 18:45:52, 21.75
2016/12/27 18:45:58, 21.75
2016/12/27 18:46:4, 21.75
2016/12/27 18:46:10, 21.75
2016/12/27 18:46:16, 21.75
2016/12/27 18:46:22, 21.75
2016/12/27 18:46:28, 21.75
2016/12/27 18:46:34, 21.75
2016/12/27 18:46:39, 21.75
2016/12/27 18:46:45, 21.75
2016/12/27 18:46:51, 21.75
2016/12/27 18:46:57, 21.75
2016/12/27 18:47:3, 21.75
2016/12/27 18:47:9, 21.75
2016/12/27 18:47:15, 21.75
2016/12/27 18:47:20, 21.75
2016/12/27 18:47:26, 21.75
2016/12/27 18:47:32, 21.75
2016/12/27 18:47:38, 21.75
2016/12/27 18:47:44, 21.75
2016/12/27 18:47:50, 21.75
2016/12/27 18:47:56, 21.75
2016/12/27 18:48:2, 21.75
2016/12/27 18:48:7, 21.75
2016/12/27 18:48:13, 21.75
2016/12/27 18:48:19, 21.75
2016/12/27 18:48:25, 21.75
2016/12/27 18:48:31, 21.75
2016/12/27 18:48:37, 21.75
2016/12/27 18:48:43, 21.75
2016/12/27 18:48:49, 21.75
2016/12/27 18:48:54, 21.75
2016/12/27 18:49:0, 21.75
2016/12/27 18:49:6, 21.75
2016/12/27 18:49:12, 21.75
2016/12/27 18:49:18, 21.75
2016/12/27 18:49:24, 21.75
2016/12/27 18:49:30, 21.75
2016/12/27 18:49:36, 21.75
2016/12/27 18:49:42, 21.75
2016/12/27 18:49:47, 21.75
2016/12/27 18:49:53, 21.75
2016/12/27 18:49:59, 21.75
2016/12/27 18:50:5, 21.75
2016/12/27 18:50:11, 21.75
2016/12/27 18:50:17, 21.75
2016/12/27 18:50:23, 21.75
2016/12/27 18:50:29, 21.75
2016/12/27 18:50:34, 21.75
2016/12/27 18:50:40, 21.75
2016/12/27 18:50:46, 21.75
2016/12/27 18:50:52, 21.75
2016/12/27 18:50:58, 21.75
2016/12/27 18:51:4, 21.75
2016/12/27 18:51:10, 21.75
2016/12/27 18:51:15, 21.75
2016/12/27 18:51:21, 21.75
2016/12/27 18:51:27, 21.75
2016/12/27 18:51:33, 21.75
2016/12/27 18:51:39, 21.75
2016/12/27 18:51:45, 21.75
2016/12/27 18:51:51, 21.75
2016/12/27 18:51:57, 21.75
2016/12/27 18:52:2, 21.75
2016/12/27 18:52:8, 21.75
2016/12/27 18:52:14, 21.75
2016/12/27 18:52:20, 21.75
2016/12/27 18:52:26, 21.75
2016/12/27 18:52:32, 21.75
2016/12/27 18:52:38, 21.75
2016/12/27 18:52:44, 21.75
2016/12/27 18:52:49, 21.75
2016/12/27 18:52:55, 21.75
2016/12/27 18:53:1, 21.75
2016/12/27 18:53:7, 21.75
2016/12/27 18:53:13, 21.75
2016/12/27 18:53:19, 21.75
2016/12/27 18:53:25, 21.75
2016/12/27 18:53:31, 21.75
2016/12/27 18:53:36, 21.75
2016/12/27 18:53:42, 21.75
2016/12/27 18:53:48, 21.75
2016/12/27 18:53:54, 21.75
2016/12/27 18:54:0, 21.75
2016/12/27 18:54:6, 21.75
2016/12/27 18:54:12, 21.75
2016/12/27 18:54:17, 21.75
2016/12/27 18:54:23, 21.75
2016/12/27 18:54:29, 21.75
2016/12/27 18:54:35, 21.75
2016/12/27 18:54:41, 21.75
2016/12/27 18:54:47, 21.75
2016/12/27 18:54:53, 21.75
2016/12/27 18:54:59, 21.75
2016/12/27 18:55:4, 21.75
2016/12/27 18:55:10, 21.75
2016/12/27 18:55:16, 21.75
2016/12/27 18:55:22, 21.75
2016/12/27 18:55:28, 21.75
2016/12/27 18:55:34, 21.812
2016/12/27 18:55:40, 21.75
2016/12/27 18:55:46, 21.75
2016/12/27 18:55:51, 21.687
2016/12/27 18:55:57, 21.75
2016/12/27 18:56:3, 21.75
2016/12/27 18:56:9, 21.75
2016/12/27 18:56:15, 21.687
2016/12/27 18:56:21, 21.75
2016/12/27 18:56:27, 21.75
2016/12/27 18:56:33, 21.75
2016/12/27 18:56:38, 21.687
2016/12/27 18:56:44, 21.75
2016/12/27 18:56:50, 21.75
2016/12/27 18:56:56, 21.75
2016/12/27 18:57:2, 21.75
2016/12/27 18:57:8, 21.75
2016/12/27 18:57:14, 21.75
2016/12/27 18:57:20, 21.75
2016/12/27 18:57:26, 21.75
2016/12/27 18:57:31, 21.75
2016/12/27 18:57:37, 21.75
2016/12/27 18:57:43, 21.75
2016/12/27 18:57:49, 21.75
2016/12/27 18:57:55, 21.75
2016/12/27 18:58:1, 21.75
2016/12/27 18:58:7, 21.75
2016/12/27 18:58:13, 21.75
2016/12/27 18:58:18, 21.75
2016/12/27 18:58:24, 21.75
2016/12/27 18:58:30, 21.75
2016/12/27 18:58:36, 21.75
2016/12/27 18:58:42, 21.75
2016/12/27 18:58:48, 21.75
2016/12/27 18:58:54, 21.75
2016/12/27 18:59:0, 21.75
2016/12/27 18:59:5, 21.75
2016/12/27 18:59:11, 21.75
2016/12/27 18:59:17, 21.75
2016/12/27 18:59:23, 21.75
2016/12/27 18:59:29, 21.75
2016/12/27 18:59:35, 21.75
2016/12/27 18:59:41, 21.75
2016/12/27 18:59:47, 21.75
2016/12/27 18:59:52, 21.75
2016/12/27 18:59:58, 21.75
2016/12/27 19:00:4, 21.75
2016/12/27 19:00:10, 21.687
2016/12/27 19:00:16, 21.75
2016/12/27 19:00:22, 21.75
2016/12/27 19:00:28, 21.75
2016/12/27 19:00:34, 21.75
2016/12/27 19:00:39, 21.75
2016/12/27 19:00:45, 21.75
2016/12/27 19:00:51, 21.75
2016/12/27 19:00:57, 21.75
2016/12/27 19:01:3, 21.75
2016/12/27 19:01:9, 21.75
2016/12/27 19:01:15, 21.687
2016/12/27 19:01:21, 21.75
2016/12/27 19:01:26, 21.687
2016/12/27 19:01:32, 21.75
2016/12/27 19:01:38, 21.75
2016/12/27 19:01:44, 21.75
2016/12/27 19:01:50, 21.75
2016/12/27 19:01:56, 21.687
2016/12/27 19:02:2, 21.75
2016/12/27 19:02:8, 21.75
2016/12/27 19:02:15, 21.75
2016/12/27 19:02:21, 21.75
2016/12/27 19:02:26, 21.75
2016/12/27 19:02:32, 21.75
2016/12/27 19:02:38, 21.75
2016/12/27 19:02:44, 21.75
2016/12/27 19:02:50, 21.687
2016/12/27 19:02:56, 21.75
2016/12/27 19:03:2, 21.75
2016/12/27 19:03:8, 21.75
2016/12/27 19:03:13, 21.75
2016/12/27 19:03:19, 21.75
2016/12/27 19:03:25, 21.75
2016/12/27 19:03:31, 21.687
2016/12/27 19:03:37, 21.687
2016/12/27 19:03:43, 21.75
2016/12/27 19:03:49, 21.687
2016/12/27 19:03:55, 21.75
2016/12/27 19:04:1, 21.75
2016/12/27 19:04:6, 21.687
2016/12/27 19:04:12, 21.75
2016/12/27 19:04:18, 21.687
2016/12/27 19:04:24, 21.75
2016/12/27 19:04:30, 21.75
2016/12/27 19:04:36, 21.687
2016/12/27 19:04:42, 21.687
2016/12/27 19:04:48, 21.687
2016/12/27 19:04:54, 21.687
2016/12/27 19:04:59, 21.687
2016/12/27 19:05:5, 21.687
2016/12/27 19:05:11, 21.687
2016/12/27 19:05:17, 21.687
2016/12/27 19:05:23, 21.687
2016/12/27 19:05:29, 21.687
2016/12/27 19:05:35, 21.75
2016/12/27 19:05:41, 21.75
2016/12/27 19:05:47, 21.687
2016/12/27 19:05:52, 21.75
2016/12/27 19:05:58, 21.687
2016/12/27 19:06:4, 21.75
2016/12/27 19:06:10, 21.687
2016/12/27 19:06:16, 21.687
2016/12/27 19:06:23, 21.687
2016/12/27 19:06:28, 21.687
2016/12/27 19:06:34, 21.687
2016/12/27 19:06:40, 21.687
2016/12/27 19:06:46, 21.75
2016/12/27 19:06:52, 21.687
2016/12/27 19:06:58, 21.687
2016/12/27 19:07:4, 21.75
2016/12/27 19:07:10, 21.75
2016/12/27 19:07:16, 21.75
2016/12/27 19:07:21, 21.75
2016/12/27 19:07:27, 21.75
2016/12/27 19:07:33, 21.687
2016/12/27 19:07:39, 21.687
2016/12/27 19:07:45, 21.687
2016/12/27 19:07:51, 21.687
2016/12/27 19:07:57, 21.687
2016/12/27 19:08:3, 21.687
2016/12/27 19:08:9, 21.687
2016/12/27 19:08:14, 21.687
2016/12/27 19:08:20, 21.687
2016/12/27 19:08:26, 21.75
2016/12/27 19:08:32, 21.687
2016/12/27 19:08:38, 21.687
2016/12/27 19:08:44, 21.687
2016/12/27 19:08:50, 21.687
2016/12/27 19:08:56, 21.687
2016/12/27 19:09:1, 21.687
2016/12/27 19:09:7, 21.687
2016/12/27 19:09:13, 21.687
2016/12/27 19:09:19, 21.687
2016/12/27 19:09:25, 21.625
2016/12/27 19:09:31, 21.687
2016/12/27 19:09:37, 21.687
2016/12/27 19:09:43, 21.687
2016/12/27 19:09:49, 21.687
2016/12/27 19:09:55, 21.687
2016/12/27 19:10:1, 21.687
2016/12/27 19:10:6, 21.687
2016/12/27 19:10:12, 21.687
2016/12/27 19:10:18, 21.687
2016/12/27 19:10:24, 21.687
2016/12/27 19:10:31, 21.687
2016/12/27 19:10:37, 21.687
2016/12/27 19:10:43, 21.687
2016/12/27 19:10:48, 21.687
2016/12/27 19:10:54, 21.687
2016/12/27 19:11:0, 21.687
2016/12/27 19:11:6, 21.687
2016/12/27 19:11:12, 21.687
2016/12/27 19:11:18, 21.687
2016/12/27 19:11:24, 21.687
2016/12/27 19:11:30, 21.687
2016/12/27 19:11:35, 21.687
2016/12/27 19:11:41, 21.687
2016/12/27 19:11:47, 21.687
2016/12/27 19:11:53, 21.687
2016/12/27 19:11:59, 21.687
2016/12/27 19:12:5, 21.687
2016/12/27 19:12:11, 21.687
2016/12/27 19:12:17, 21.687
2016/12/27 19:12:22, 21.687
2016/12/27 19:12:28, 21.687
2016/12/27 19:12:34, 21.687
2016/12/27 19:12:40, 21.625
2016/12/27 19:12:46, 21.625
2016/12/27 19:12:52, 21.687
2016/12/27 19:12:58, 21.687
2016/12/27 19:13:3, 21.625
2016/12/27 19:13:9, 21.687
2016/12/27 19:13:15, 21.687
2016/12/27 19:13:21, 21.687
2016/12/27 19:13:27, 21.687
2016/12/27 19:13:33, 21.687
2016/12/27 19:13:39, 21.687
2016/12/27 19:13:45, 21.687
2016/12/27 19:13:50, 21.625
2016/12/27 19:13:56, 21.625
2016/12/27 19:14:2, 21.687
2016/12/27 19:14:8, 21.687
2016/12/27 19:14:14, 21.687
2016/12/27 19:14:20, 21.687
2016/12/27 19:14:26, 21.625
2016/12/27 19:14:32, 21.687
2016/12/27 19:14:39, 21.687
2016/12/27 19:14:45, 21.625
2016/12/27 19:14:51, 21.687
2016/12/27 19:14:57, 21.625
2016/12/27 19:15:3, 21.625
2016/12/27 19:15:9, 21.625
2016/12/27 19:15:14, 21.687
2016/12/27 19:15:20, 21.625
2016/12/27 19:15:26, 21.625
2016/12/27 19:15:32, 21.687
2016/12/27 19:15:38, 21.687
2016/12/27 19:15:44, 21.625
2016/12/27 19:15:50, 21.625
2016/12/27 19:15:56, 21.625
2016/12/27 19:16:1, 21.625
2016/12/27 19:16:7, 21.687
2016/12/27 19:16:13, 21.625
2016/12/27 19:16:19, 21.625
2016/12/27 19:16:25, 21.625
2016/12/27 19:16:31, 21.625
2016/12/27 19:16:37, 21.625
2016/12/27 19:16:43, 21.687
2016/12/27 19:16:48, 21.625
2016/12/27 19:16:54, 21.625
2016/12/27 19:17:0, 21.625
2016/12/27 19:17:6, 21.625
2016/12/27 19:17:12, 21.625
2016/12/27 19:17:18, 21.625
2016/12/27 19:17:24, 21.625
2016/12/27 19:17:30, 21.625
2016/12/27 19:17:36, 21.625
2016/12/27 19:17:42, 21.625
2016/12/27 19:17:47, 21.625
2016/12/27 19:17:53, 21.625
2016/12/27 19:17:59, 21.625
2016/12/27 19:18:5, 21.625
2016/12/27 19:18:11, 21.687
2016/12/27 19:18:17, 21.625
2016/12/27 19:18:23, 21.625
2016/12/27 19:18:29, 21.625
2016/12/27 19:18:35, 21.625
2016/12/27 19:18:41, 21.625
2016/12/27 19:18:49, 21.625
2016/12/27 19:18:55, 21.625
2016/12/27 19:19:1, 21.625
2016/12/27 19:19:7, 21.625
2016/12/27 19:19:13, 21.562
2016/12/27 19:19:19, 21.562
2016/12/27 19:19:25, 21.562
2016/12/27 19:19:31, 21.625
2016/12/27 19:19:37, 21.562
2016/12/27 19:19:43, 21.562
2016/12/27 19:19:49, 21.562
2016/12/27 19:19:55, 21.625
2016/12/27 19:20:1, 21.562
2016/12/27 19:20:7, 21.562
2016/12/27 19:20:13, 21.562
2016/12/27 19:20:19, 21.625
2016/12/27 19:20:26, 21.625
2016/12/27 19:20:32, 21.625
2016/12/27 19:20:38, 21.625
2016/12/27 19:20:44, 21.625
2016/12/27 19:20:50, 21.625
2016/12/27 19:20:56, 21.625
2016/12/27 19:21:2, 21.625
2016/12/27 19:21:8, 21.625
2016/12/27 19:21:14, 21.687
2016/12/27 19:21:20, 21.625
2016/12/27 19:21:26, 21.625
2016/12/27 19:21:32, 21.625
2016/12/27 19:21:38, 21.625
2016/12/27 19:21:44, 21.625
2016/12/27 19:21:50, 21.687
2016/12/27 19:21:56, 21.687
2016/12/27 19:22:2, 21.687
2016/12/27 19:22:8, 21.687
2016/12/27 19:22:14, 21.625
2016/12/27 19:22:20, 21.687
2016/12/27 19:22:26, 21.625
2016/12/27 19:22:32, 21.687
2016/12/27 19:22:38, 21.625
2016/12/27 19:22:44, 21.625
2016/12/27 19:22:50, 21.687
2016/12/27 19:22:56, 21.625
